id,first_name,last_name,email
1,Jacky,Verryan,jverryan0@wix.com
2,Janina,Bachshell,jbachshell1@elpais.com
3,Anatole,Silber,asilber2@quantcast.com
4,Tadd,Greenleaf,tgreenleaf3@cnet.com
5,Terrel,Squibe,tsquibe4@slideshare.net
6,Arliene,Gunderson,agunderson5@com.com
7,Colet,Amiss,camiss6@dion.ne.jp
8,Jeremie,McMahon,jmcmahon7@sakura.ne.jp
9,Adelaida,Broxton,abroxton8@mapy.cz
10,Denice,Baverstock,dbaverstock9@google.com
11,Nicoline,Cornuau,ncornuaua@cbc.ca
12,Fernande,Marchment,fmarchmentb@flavors.me
13,Ignatius,Pauncefort,ipauncefortc@loc.gov
14,Emily,Ivoshin,eivoshind@ox.ac.uk
15,Judd,Tidbald,jtidbalde@google.com
16,Ellis,Sayward,esaywardf@wordpress.org
17,Rebeca,Kennford,rkennfordg@newsvine.com
18,Ferrell,Tomaselli,ftomasellih@bbc.co.uk
19,Bernadette,Capun,bcapuni@hibu.com
20,Jamima,Kopf,jkopfj@opensource.org
21,Andromache,Wheatman,awheatmank@themeforest.net
22,Ingaberg,De Ferraris,ideferrarisl@slideshare.net
23,Grady,Chamberlin,gchamberlinm@dot.gov
24,Adelheid,Campanelli,acampanellin@google.fr
25,Dun,Kinnerk,dkinnerko@ustream.tv
26,Bertina,Luffman,bluffmanp@amazon.de
27,Moselle,Canner,mcannerq@istockphoto.com
28,Susan,MacGille,smacgiller@google.nl
29,Morgen,Parsisson,mparsissons@europa.eu
30,Ody,Kausche,okauschet@cdc.gov
31,Elvyn,Stinchcombe,estinchcombeu@patch.com
32,Ced,McCrie,cmccriev@flavors.me
33,Hetti,McIlwrath,hmcilwrathw@tripadvisor.com
34,Freddi,Hanby,fhanbyx@foxnews.com
35,Tobe,Birch,tbirchy@wix.com
36,Lek,Robertot,lrobertotz@163.com
37,Ree,Stockau,rstockau10@scientificamerican.com
38,Winni,Bascombe,wbascombe11@amazonaws.com
39,Patrice,Iannetti,piannetti12@zimbio.com
40,Aldric,Reboulet,areboulet13@com.com
41,Janos,Langman,jlangman14@whitehouse.gov
42,Karissa,Cassidy,kcassidy15@51.la
43,Mamie,Aldritt,maldritt16@lulu.com
44,Ilyse,Dutson,idutson17@yahoo.com
45,Margaret,Croix,mcroix18@newyorker.com
46,Myrlene,Tayler,mtayler19@seattletimes.com
47,Ahmad,Hauxwell,ahauxwell1a@simplemachines.org
48,Logan,Uwins,luwins1b@smugmug.com
49,Denis,Caldecot,dcaldecot1c@auda.org.au
50,Waring,Bemrose,wbemrose1d@eepurl.com
51,Connor,Lideard,clideard1e@adobe.com
52,Owen,Dady,odady1f@google.ca
53,Jaymie,Kleinplatz,jkleinplatz1g@twitpic.com
54,Cobb,Pierro,cpierro1h@rambler.ru
55,Jamie,Heitz,jheitz1i@uol.com.br
56,Mattheus,Ateridge,materidge1j@eventbrite.com
57,Ephraim,Willson,ewillson1k@last.fm
58,Amalea,Laden,aladen1l@ucoz.com
59,Shea,Kief,skief1m@rambler.ru
60,Gerrard,Walburn,gwalburn1n@yandex.ru
61,Russell,Selvey,rselvey1o@multiply.com
62,Sheena,MacCarrane,smaccarrane1p@cdc.gov
63,Ingaborg,Beadnall,ibeadnall1q@typepad.com
64,Frankie,Lamey,flamey1r@wsj.com
65,Edouard,Gilfoyle,egilfoyle1s@networksolutions.com
66,Eddie,Gley,egley1t@fotki.com
67,Woodrow,Fonzo,wfonzo1u@live.com
68,Archibold,Paddefield,apaddefield1v@barnesandnoble.com
69,Zane,Jahnisch,zjahnisch1w@drupal.org
70,Catlin,Dany,cdany1x@t.co
71,Allys,Maddams,amaddams1y@digg.com
72,Bunni,Spittles,bspittles1z@privacy.gov.au
73,Janeen,Alwen,jalwen20@cisco.com
74,Lilas,Brosio,lbrosio21@patch.com
75,Conrad,Heikkinen,cheikkinen22@4shared.com
76,Jesse,Breeds,jbreeds23@drupal.org
77,John,Cobbled,jcobbled24@amazonaws.com
78,Madelina,Robardley,mrobardley25@google.co.uk
79,Ivett,Lally,ilally26@eventbrite.com
80,Yvor,Kerins,ykerins27@tiny.cc
81,Natala,Bertomeu,nbertomeu28@t-online.de
82,Sam,Hillburn,shillburn29@auda.org.au
83,Ilise,Haspineall,ihaspineall2a@netvibes.com
84,Claretta,Dowson,cdowson2b@weibo.com
85,Zondra,Trahear,ztrahear2c@acquirethisname.com
86,Thorn,Scanterbury,tscanterbury2d@msn.com
87,Evangelin,Ramey,eramey2e@cnbc.com
88,Ashlee,Wolverson,awolverson2f@census.gov
89,Jaye,Easman,jeasman2g@seattletimes.com
90,Celestine,Offill,coffill2h@moonfruit.com
91,Anjanette,Wraxall,awraxall2i@lulu.com
92,Fawnia,Croy,fcroy2j@army.mil
93,Elbertine,Cribbott,ecribbott2k@seattletimes.com
94,Katrinka,Huertas,khuertas2l@surveymonkey.com
95,Maisey,Jaquet,mjaquet2m@sina.com.cn
96,Dorine,Klimontovich,dklimontovich2n@businessweek.com
97,Frederigo,Titchen,ftitchen2o@bloglines.com
98,Petrina,Londesborough,plondesborough2p@shinystat.com
99,Darryl,Gianullo,dgianullo2q@about.me
100,Karoline,Olyet,kolyet2r@fastcompany.com
101,Kennedy,Fasey,kfasey2s@dion.ne.jp
102,Emery,Kenningham,ekenningham2t@icq.com
103,Corney,Caris,ccaris2u@msu.edu
104,Jelene,Masseo,jmasseo2v@ucsd.edu
105,Leda,Huncote,lhuncote2w@flickr.com
106,Elmer,Thirlaway,ethirlaway2x@hostgator.com
107,Rubina,Pankethman,rpankethman2y@tinyurl.com
108,Cart,Roja,croja2z@wiley.com
109,Gerladina,Korting,gkorting30@nasa.gov
110,Leonhard,Grieswood,lgrieswood31@sciencedaily.com
111,Urbanus,Offner,uoffner32@hibu.com
112,Tedda,Morgon,tmorgon33@discovery.com
113,Leif,Slany,lslany34@php.net
114,Vaclav,Carlisi,vcarlisi35@nytimes.com
115,Cyrus,Bowle,cbowle36@harvard.edu
116,Petronia,Creavan,pcreavan37@hao123.com
117,Vic,Pantin,vpantin38@plala.or.jp
118,Emlyn,Hollingshead,ehollingshead39@360.cn
119,Howard,Gwilym,hgwilym3a@sphinn.com
120,Kele,Riccione,kriccione3b@virginia.edu
121,Lorin,Wickenden,lwickenden3c@typepad.com
122,Ferne,McCoole,fmccoole3d@imageshack.us
123,Vanessa,Rubega,vrubega3e@nsw.gov.au
124,Shannon,Eveling,seveling3f@multiply.com
125,Lonnard,Frears,lfrears3g@fastcompany.com
126,Lisette,Jeanon,ljeanon3h@nymag.com
127,Lusa,Langcaster,llangcaster3i@meetup.com
128,Caresse,Laffoley-Lane,claffoleylane3j@weebly.com
129,Cicily,Adnam,cadnam3k@google.com.br
130,Adara,Houchen,ahouchen3l@accuweather.com
131,Kirby,Riping,kriping3m@cbc.ca
132,Rosamund,Jaher,rjaher3n@pen.io
133,Tommi,Phibb,tphibb3o@nih.gov
134,Les,Michal,lmichal3p@samsung.com
135,Terrance,Bottoms,tbottoms3q@paginegialle.it
136,Freddy,Surgood,fsurgood3r@ucoz.ru
137,Marielle,Norster,mnorster3s@go.com
138,Enrico,Robke,erobke3t@usgs.gov
139,Gaston,Triggs,gtriggs3u@time.com
140,Tate,Cutmore,tcutmore3v@wix.com
141,Archambault,Boast,aboast3w@deviantart.com
142,Joell,Aylott,jaylott3x@intel.com
143,Sheba,Johnsee,sjohnsee3y@msn.com
144,Isidoro,Bailey,ibailey3z@purevolume.com
145,Henry,Munks,hmunks40@sourceforge.net
146,Lauren,Chesterman,lchesterman41@ucoz.com
147,Nadya,De Ruggiero,nderuggiero42@sphinn.com
148,Karry,Portt,kportt43@list-manage.com
149,Hattie,De Atta,hdeatta44@msn.com
150,Garnette,Andryunin,gandryunin45@ca.gov
151,Field,Leger,fleger46@state.tx.us
152,Saraann,Shard,sshard47@archive.org
153,Alvie,Ropp,aropp48@addtoany.com
154,Armando,Boyle,aboyle49@java.com
155,Deana,Lyster,dlyster4a@1688.com
156,Zorina,Dugald,zdugald4b@dedecms.com
157,Ody,Pavic,opavic4c@1und1.de
158,Malvina,Peterson,mpeterson4d@businessinsider.com
159,Yetty,Haddleton,yhaddleton4e@prweb.com
160,Lezley,Hawk,lhawk4f@noaa.gov
161,Culver,Wolford,cwolford4g@elpais.com
162,Winifred,Knok,wknok4h@angelfire.com
163,Ellie,Havock,ehavock4i@yale.edu
164,Nolly,Marzelo,nmarzelo4j@hatena.ne.jp
165,Heidie,Facey,hfacey4k@aol.com
166,Nate,Paolone,npaolone4l@yellowpages.com
167,Zared,Oldrey,zoldrey4m@state.gov
168,Wake,Chace,wchace4n@blogspot.com
169,Boony,Clemmitt,bclemmitt4o@cisco.com
170,Mychal,Lucchi,mlucchi4p@fema.gov
171,Caroljean,Huxster,chuxster4q@nature.com
172,Muire,Greenmon,mgreenmon4r@pinterest.com
173,Pedro,Whiston,pwhiston4s@apache.org
174,Dewain,Raeside,draeside4t@dion.ne.jp
175,Cecil,Wort,cwort4u@nydailynews.com
176,Celesta,Itscovitz,citscovitz4v@vkontakte.ru
177,Robenia,Purchall,rpurchall4w@mail.ru
178,Halley,Rowter,hrowter4x@pinterest.com
179,Rhodia,Gracey,rgracey4y@hugedomains.com
180,Urbanus,Jurkiewicz,ujurkiewicz4z@domainmarket.com
181,Sheryl,Stillwell,sstillwell50@exblog.jp
182,Rania,Tattersfield,rtattersfield51@blog.com
183,Dalia,Corbie,dcorbie52@google.com.au
184,Jeannette,Espinal,jespinal53@usatoday.com
185,Mei,Youell,myouell54@about.com
186,Ingelbert,Krishtopaittis,ikrishtopaittis55@smh.com.au
187,Ewell,Gapper,egapper56@wired.com
188,Arnoldo,Maltster,amaltster57@google.es
189,Darin,Trevascus,dtrevascus58@hostgator.com
190,Gibby,Forgie,gforgie59@de.vu
191,Gardiner,Wyss,gwyss5a@pen.io
192,Ervin,Farryann,efarryann5b@homestead.com
193,Dulcie,Worcs,dworcs5c@shinystat.com
194,Evvie,Van der Velden,evandervelden5d@hugedomains.com
195,Talyah,Bobasch,tbobasch5e@gov.uk
196,Tamra,Shatliffe,tshatliffe5f@zdnet.com
197,Alyce,Janway,ajanway5g@ftc.gov
198,Lezley,Riggey,lriggey5h@dagondesign.com
199,Clare,Storrier,cstorrier5i@ebay.co.uk
200,Malinda,Wardel,mwardel5j@seattletimes.com
201,Marshal,Pigram,mpigram5k@istockphoto.com
202,Bax,Brydell,bbrydell5l@comcast.net
203,Kellby,McMaster,kmcmaster5m@homestead.com
204,Jase,Hubbocks,jhubbocks5n@dell.com
205,Kayne,Hurndall,khurndall5o@webs.com
206,Benni,Gradon,bgradon5p@mtv.com
207,Abrahan,Harmson,aharmson5q@flavors.me
208,Violet,Dews,vdews5r@imageshack.us
209,Nickola,Salerno,nsalerno5s@blogs.com
210,Carly,Chisnall,cchisnall5t@bing.com
211,Madelle,Everall,meverall5u@webeden.co.uk
212,Artair,Giampietro,agiampietro5v@acquirethisname.com
213,Rodi,Wiggans,rwiggans5w@unicef.org
214,Andromache,Meardon,ameardon5x@census.gov
215,Bogey,Lambersen,blambersen5y@t.co
216,Drusilla,Blackborn,dblackborn5z@live.com
217,Richie,Mowsdill,rmowsdill60@si.edu
218,Brandice,Willford,bwillford61@printfriendly.com
219,Mildred,Rickeard,mrickeard62@linkedin.com
220,Carlos,Graith,cgraith63@phoca.cz
221,Garwood,Gavahan,ggavahan64@msu.edu
222,Brear,Loche,bloche65@com.com
223,Boigie,Winterborne,bwinterborne66@arstechnica.com
224,Jeana,Cribbin,jcribbin67@mlb.com
225,Lynne,Haggerston,lhaggerston68@yahoo.com
226,Si,Falloon,sfalloon69@soup.io
227,Pren,Burd,pburd6a@sogou.com
228,Roland,Baudon,rbaudon6b@freewebs.com
229,Parsifal,Northam,pnortham6c@yahoo.com
230,Agna,Seelbach,aseelbach6d@google.pl
231,Merrile,Zannuto,mzannuto6e@rambler.ru
232,Ingaborg,Moxted,imoxted6f@hatena.ne.jp
233,Lolly,Sparling,lsparling6g@nationalgeographic.com
234,Linette,Thomazin,lthomazin6h@cnn.com
235,Sylas,Aucoate,saucoate6i@weather.com
236,Huntington,Sesser,hsesser6j@irs.gov
237,Esther,Rottger,erottger6k@wiley.com
238,Neal,Valero,nvalero6l@reference.com
239,Niall,Forker,nforker6m@privacy.gov.au
240,Ram,Courson,rcourson6n@hubpages.com
241,Kiley,Clayborn,kclayborn6o@etsy.com
242,Lilas,Hampshire,lhampshire6p@discovery.com
243,Lucius,Van Zon,lvanzon6q@gov.uk
244,Read,Peek,rpeek6r@vk.com
245,Maudie,Portman,mportman6s@foxnews.com
246,Margery,Waddie,mwaddie6t@fema.gov
247,Deeann,Ancliffe,dancliffe6u@home.pl
248,Eugenia,Haldane,ehaldane6v@about.com
249,Emlyn,Zorzutti,ezorzutti6w@mtv.com
250,Bobby,O'Kelly,bokelly6x@sphinn.com
251,Noelle,Jonson,njonson6y@liveinternet.ru
252,Lexine,Lyfe,llyfe6z@tripadvisor.com
253,Rand,Edmand,redmand70@acquirethisname.com
254,Matty,Lenton,mlenton71@twitter.com
255,Beatrice,Parfitt,bparfitt72@indiatimes.com
256,Sibeal,Borel,sborel73@ameblo.jp
257,Daron,Bilbie,dbilbie74@prweb.com
258,Bertie,Ryhorovich,bryhorovich75@hugedomains.com
259,Dee dee,Shervington,dshervington76@diigo.com
260,Hyacintha,Foch,hfoch77@a8.net
261,Willow,Meriot,wmeriot78@phpbb.com
262,Osbert,Meneux,omeneux79@paypal.com
263,Goldi,Pfaffe,gpfaffe7a@sun.com
264,Charmion,Strowger,cstrowger7b@blinklist.com
265,Rubina,Tull,rtull7c@comcast.net
266,Charlie,Borley,cborley7d@netvibes.com
267,Pavlov,Kornel,pkornel7e@soup.io
268,Saidee,Demangeon,sdemangeon7f@army.mil
269,Aldon,Verrill,averrill7g@discuz.net
270,Oby,Arundell,oarundell7h@nature.com
271,Coriss,Klaus,cklaus7i@cdc.gov
272,Erika,Stoddart,estoddart7j@so-net.ne.jp
273,Illa,Minichillo,iminichillo7k@time.com
274,Tait,Tackett,ttackett7l@bizjournals.com
275,Meggi,Karpenko,mkarpenko7m@spiegel.de
276,Emlen,Camous,ecamous7n@123-reg.co.uk
277,Eudora,Lighterness,elighterness7o@economist.com
278,Tomasine,Ebbens,tebbens7p@simplemachines.org
279,Hall,Kippen,hkippen7q@apache.org
280,Callean,Niese,cniese7r@so-net.ne.jp
281,Jaymie,Espinel,jespinel7s@ox.ac.uk
282,Claribel,Madgin,cmadgin7t@whitehouse.gov
283,Korey,Pounder,kpounder7u@icq.com
284,Addie,Poznanski,apoznanski7v@icio.us
285,Ikey,Wemyss,iwemyss7w@wired.com
286,Hyatt,Tomblin,htomblin7x@privacy.gov.au
287,Leigha,Crane,lcrane7y@over-blog.com
288,Suzi,Sivier,ssivier7z@walmart.com
289,Reinhard,Jurek,rjurek80@cocolog-nifty.com
290,Darcy,Saturley,dsaturley81@webnode.com
291,Johnathan,Triplow,jtriplow82@scribd.com
292,Toby,Radsdale,tradsdale83@technorati.com
293,Emory,Gooderham,egooderham84@cocolog-nifty.com
294,Wash,Petrasek,wpetrasek85@yale.edu
295,Carma,Ghilardini,cghilardini86@fc2.com
296,Jamaal,Mintram,jmintram87@hc360.com
297,Irwinn,Pedley,ipedley88@hhs.gov
298,Markus,Goodison,mgoodison89@google.fr
299,Leia,Ragless,lragless8a@jimdo.com
300,Sande,Seale,sseale8b@multiply.com
301,Ellie,Tassel,etassel8c@domainmarket.com
302,Mariann,Hazleton,mhazleton8d@usnews.com
303,Maximilian,Hardistry,mhardistry8e@miitbeian.gov.cn
304,Ad,Fenton,afenton8f@google.de
305,Jodi,Asch,jasch8g@nymag.com
306,Nara,Androletti,nandroletti8h@discuz.net
307,Moises,Guiducci,mguiducci8i@cmu.edu
308,Dalila,Drakes,ddrakes8j@marriott.com
309,Darcey,Pomphrett,dpomphrett8k@google.co.jp
310,Renault,Jerram,rjerram8l@census.gov
311,Haleigh,Dominick,hdominick8m@live.com
312,Braden,Epine,bepine8n@ucoz.com
313,Alyda,Bennie,abennie8o@hp.com
314,Sunny,Dupree,sdupree8p@statcounter.com
315,Vinni,Brende,vbrende8q@elpais.com
316,Florinda,Arthurs,farthurs8r@google.com.br
317,Erich,Pond-Jones,epondjones8s@wisc.edu
318,Walliw,Eagleston,weagleston8t@businessweek.com
319,Renaldo,Goodwell,rgoodwell8u@latimes.com
320,Martha,Dutton,mdutton8v@netscape.com
321,Rickert,Krzysztofiak,rkrzysztofiak8w@multiply.com
322,Devlin,Meeke,dmeeke8x@psu.edu
323,Doroteya,Dunlop,ddunlop8y@unblog.fr
324,Anitra,Schruyers,aschruyers8z@skype.com
325,Nathalia,Vynehall,nvynehall90@ucoz.com
326,Berri,Ridewood,bridewood91@yolasite.com
327,Malva,Brissenden,mbrissenden92@studiopress.com
328,Renate,Broker,rbroker93@aol.com
329,Manda,Byard,mbyard94@t.co
330,Cate,Lammers,clammers95@aol.com
331,Gerome,Swindall,gswindall96@woothemes.com
332,Sanford,Rogerson,srogerson97@admin.ch
333,Dalia,Sugge,dsugge98@google.com.hk
334,Belia,Zanuciolii,bzanuciolii99@ucla.edu
335,Rozanna,Tolliday,rtolliday9a@fda.gov
336,Arie,Hayland,ahayland9b@bbc.co.uk
337,William,Stroulger,wstroulger9c@rakuten.co.jp
338,Weylin,Madders,wmadders9d@com.com
339,Yorker,Brugsma,ybrugsma9e@so-net.ne.jp
340,Noni,Ciccetti,nciccetti9f@usatoday.com
341,Dalton,Curro,dcurro9g@weebly.com
342,Zoe,Heymes,zheymes9h@china.com.cn
343,Edan,Josephsen,ejosephsen9i@prlog.org
344,Gabriele,Clubbe,gclubbe9j@aboutads.info
345,Cesare,Ealles,cealles9k@shop-pro.jp
346,Oralle,Needham,oneedham9l@slashdot.org
347,Ugo,Passe,upasse9m@state.gov
348,Elissa,Dampney,edampney9n@ustream.tv
349,Rockey,Odo,rodo9o@google.it
350,Blaire,Dykins,bdykins9p@freewebs.com
351,Bendicty,Jinda,bjinda9q@reverbnation.com
352,Edmon,Matthessen,ematthessen9r@wikimedia.org
353,Leland,Mulkerrins,lmulkerrins9s@nba.com
354,Auguste,Betteridge,abetteridge9t@patch.com
355,Liz,MacRannell,lmacrannell9u@reference.com
356,Catlaina,Fend,cfend9v@topsy.com
357,Eduard,Avramovitz,eavramovitz9w@opensource.org
358,Bronny,Spurnier,bspurnier9x@vimeo.com
359,Any,Rawle,arawle9y@jiathis.com
360,Amos,Oles,aoles9z@nifty.com
361,Marcille,Learoyd,mlearoyda0@narod.ru
362,Papagena,Ayscough,payscougha1@devhub.com
363,Alfie,Mossdale,amossdalea2@weebly.com
364,Briney,Eldredge,beldredgea3@odnoklassniki.ru
365,Byram,Collymore,bcollymorea4@xinhuanet.com
366,Farrand,Marsie,fmarsiea5@blog.com
367,Guthrey,Cleft,gclefta6@scientificamerican.com
368,Nora,Picford,npicforda7@huffingtonpost.com
369,Shelden,Cobbled,scobbleda8@chronoengine.com
370,Shane,Cardenosa,scardenosaa9@w3.org
371,Cassius,Balmforth,cbalmforthaa@sogou.com
372,Wallache,Abbay,wabbayab@issuu.com
373,Alejandrina,Carlan,acarlanac@blinklist.com
374,Robina,Gordon,rgordonad@smugmug.com
375,Kynthia,Winley,kwinleyae@ocn.ne.jp
376,Chancey,Fitzgerald,cfitzgeraldaf@360.cn
377,Torrie,Grist,tgristag@ebay.co.uk
378,Ronnie,Lygoe,rlygoeah@examiner.com
379,Ronnie,Calderonello,rcalderonelloai@businesswire.com
380,Darrin,McFetrich,dmcfetrichaj@whitehouse.gov
381,Valenka,Soame,vsoameak@army.mil
382,Emily,Shrimpton,eshrimptonal@gnu.org
383,Lonni,Sibylla,lsibyllaam@webeden.co.uk
384,Quillan,Press,qpressan@eventbrite.com
385,Emlyn,Shower,eshowerao@yelp.com
386,Ronnica,Roughan,rroughanap@uiuc.edu
387,Nonna,Kingsnod,nkingsnodaq@sbwire.com
388,Aileen,D'Emanuele,ademanuelear@desdev.cn
389,Antonella,Decaze,adecazeas@pcworld.com
390,Mariya,Yakubovics,myakubovicsat@tamu.edu
391,Minnnie,Hulburd,mhulburdau@mayoclinic.com
392,Terencio,Petrovykh,tpetrovykhav@lycos.com
393,Freddie,Fairhead,ffairheadaw@businessinsider.com
394,Marissa,Eaton,meatonax@xrea.com
395,Farah,Wedgwood,fwedgwooday@sfgate.com
396,Alanah,Badham,abadhamaz@cmu.edu
397,Lorelei,Bunston,lbunstonb0@myspace.com
398,Fredericka,Watkiss,fwatkissb1@wordpress.com
399,Denni,Beidebeke,dbeidebekeb2@printfriendly.com
400,Brocky,Pauleit,bpauleitb3@yahoo.com
401,Benny,d'Escoffier,bdescoffierb4@theatlantic.com
402,Kahaleel,Brunet,kbrunetb5@umich.edu
403,Joycelin,McElwee,jmcelweeb6@1688.com
404,Jacky,Hexam,jhexamb7@blogtalkradio.com
405,Geno,Stanlake,gstanlakeb8@wp.com
406,Ag,Spurier,aspurierb9@google.ru
407,Herminia,Liggens,hliggensba@nymag.com
408,Corine,Chiles,cchilesbb@mit.edu
409,Web,Manilo,wmanilobc@webs.com
410,Madel,Scarratt,mscarrattbd@cnbc.com
411,Zilvia,Richards,zrichardsbe@newyorker.com
412,Tiphani,Wein,tweinbf@live.com
413,Angus,Dionisetto,adionisettobg@ca.gov
414,Gussi,Coogan,gcooganbh@indiatimes.com
415,Malinda,Kem,mkembi@example.com
416,Gayle,Morewood,gmorewoodbj@boston.com
417,Annabella,Brusby,abrusbybk@clickbank.net
418,Jamil,Axtell,jaxtellbl@cisco.com
419,Tuesday,McAllen,tmcallenbm@ft.com
420,Chantalle,Cawkill,ccawkillbn@businesswire.com
421,Paulina,Denslow,pdenslowbo@squarespace.com
422,Antons,Lovejoy,alovejoybp@miibeian.gov.cn
423,Goldie,Greed,ggreedbq@stumbleupon.com
424,Brunhilda,Cavolini,bcavolinibr@xinhuanet.com
425,Happy,Linstead,hlinsteadbs@woothemes.com
426,Mathilde,Ratray,mratraybt@buzzfeed.com
427,Morley,Berardt,mberardtbu@geocities.jp
428,Mitchael,Kivlehan,mkivlehanbv@unblog.fr
429,Cosme,Cockman,ccockmanbw@google.com.hk
430,Mic,Wheble,mwheblebx@amazonaws.com
431,Carlin,Bedbrough,cbedbroughby@behance.net
432,Otis,Loud,oloudbz@arizona.edu
433,Kennie,Adamowitz,kadamowitzc0@odnoklassniki.ru
434,Randell,Refford,rreffordc1@nasa.gov
435,Alejandra,McDonell,amcdonellc2@theglobeandmail.com
436,Wilden,Wrankling,wwranklingc3@techcrunch.com
437,Mallorie,Barkworth,mbarkworthc4@netvibes.com
438,Maxy,Birts,mbirtsc5@imgur.com
439,Felix,Spondley,fspondleyc6@google.fr
440,Arlana,Feeley,afeeleyc7@ftc.gov
441,Minnnie,Fulton,mfultonc8@1688.com
442,Ali,Esh,aeshc9@unblog.fr
443,Nikolaus,Davis,ndavisca@nsw.gov.au
444,Cary,Mitchinson,cmitchinsoncb@angelfire.com
445,Gill,Tellett,gtellettcc@tripod.com
446,Cristian,Pargiter,cpargitercd@zdnet.com
447,Garner,Nott,gnottce@4shared.com
448,Shayne,Loads,sloadscf@indiatimes.com
449,Enrika,Dorkin,edorkincg@admin.ch
450,Claybourne,Mutter,cmutterch@archive.org
451,Salem,Wallenger,swallengerci@reference.com
452,Melly,Vairow,mvairowcj@multiply.com
453,Ellynn,Seares,esearesck@dion.ne.jp
454,Morey,Brocking,mbrockingcl@dell.com
455,Ola,Claxson,oclaxsoncm@dropbox.com
456,Kalil,Micklem,kmicklemcn@fc2.com
457,Manolo,Georgievski,mgeorgievskico@behance.net
458,Leisha,Dorow,ldorowcp@psu.edu
459,Elwyn,Grahlmans,egrahlmanscq@latimes.com
460,Giulietta,MacCard,gmaccardcr@wikimedia.org
461,Sibyl,Pankethman,spankethmancs@ft.com
462,Rockey,Fowle,rfowlect@nationalgeographic.com
463,Chilton,Humpage,chumpagecu@google.co.jp
464,Talbert,Kauscher,tkauschercv@ebay.co.uk
465,Roseanne,Greswell,rgreswellcw@ovh.net
466,Brade,Plumptre,bplumptrecx@biglobe.ne.jp
467,Jaymie,Guillou,jguilloucy@uiuc.edu
468,Mercie,Wannan,mwannancz@soundcloud.com
469,Theodore,Swatradge,tswatradged0@google.co.uk
470,Abramo,Truscott,atruscottd1@delicious.com
471,Clarissa,Lamputt,clamputtd2@123-reg.co.uk
472,Gregor,Pillington,gpillingtond3@va.gov
473,Petronella,Lyal,plyald4@gmpg.org
474,Gayleen,Muffitt,gmuffittd5@typepad.com
475,Olly,Beart,obeartd6@usa.gov
476,Lazaro,Giercke,lgiercked7@kickstarter.com
477,Anet,Gilhouley,agilhouleyd8@hatena.ne.jp
478,Chrysa,Colling,ccollingd9@house.gov
479,Cesar,Inch,cinchda@printfriendly.com
480,Howey,Halgarth,hhalgarthdb@digg.com
481,Klara,Parffrey,kparffreydc@is.gd
482,Harlan,Glover,hgloverdd@rambler.ru
483,Jasmina,Daud,jdaudde@unblog.fr
484,Marc,Pickover,mpickoverdf@smugmug.com
485,Edythe,Eyles,eeylesdg@abc.net.au
486,Suzann,Scneider,sscneiderdh@sourceforge.net
487,Margarethe,Briztman,mbriztmandi@gizmodo.com
488,Bryce,Trenfield,btrenfielddj@geocities.jp
489,Clarine,Ledley,cledleydk@blogger.com
490,Camellia,Dmitr,cdmitrdl@amazon.co.jp
491,Myrtice,Pierrepont,mpierrepontdm@google.com.br
492,Donalt,Lacaze,dlacazedn@answers.com
493,Lelia,Yakobovicz,lyakoboviczdo@eventbrite.com
494,Athene,Milward,amilwarddp@va.gov
495,Zarah,Ksandra,zksandradq@booking.com
496,Boothe,Apperley,bapperleydr@uol.com.br
497,Elvina,Kell,ekellds@google.ru
498,Cathee,Bohan,cbohandt@theglobeandmail.com
499,Sissy,Boden,sbodendu@sitemeter.com
500,Rudie,Warder,rwarderdv@sogou.com
501,Kerry,Houseago,khouseagodw@statcounter.com
502,Becki,Viggers,bviggersdx@independent.co.uk
503,Kaye,Gandley,kgandleydy@about.me
504,Allix,Hall-Gough,ahallgoughdz@yandex.ru
505,Beverie,Comley,bcomleye0@wisc.edu
506,Cornela,Premble,cpremblee1@usgs.gov
507,Amara,Kruszelnicki,akruszelnickie2@stanford.edu
508,Brandi,Keenan,bkeenane3@ucoz.ru
509,Franz,Wewell,fwewelle4@storify.com
510,Tabbatha,Congreave,tcongreavee5@prweb.com
511,Eunice,Samsworth,esamsworthe6@php.net
512,Matelda,Danbury,mdanburye7@list-manage.com
513,Elsbeth,Grassick,egrassicke8@blogspot.com
514,Lynde,Redparth,lredparthe9@google.com.br
515,Dorthy,Askem,daskemea@ucoz.com
516,Grannie,Joan,gjoaneb@woothemes.com
517,Jesus,Truman,jtrumanec@alexa.com
518,Sonny,Blaney,sblaneyed@newsvine.com
519,Shurlock,Galvan,sgalvanee@huffingtonpost.com
520,Josy,Aubri,jaubrief@com.com
521,Papagena,Furmonger,pfurmongereg@studiopress.com
522,Ennis,Guntrip,eguntripeh@yahoo.co.jp
523,Brennen,Kolczynski,bkolczynskiei@thetimes.co.uk
524,Neale,de Najera,ndenajeraej@diigo.com
525,Giustino,Kells,gkellsek@yellowpages.com
526,Joshia,Adamowicz,jadamowiczel@independent.co.uk
527,Pepita,Standish,pstandishem@blog.com
528,Jacinthe,Charle,jcharleen@ebay.com
529,Niki,Clohisey,nclohiseyeo@springer.com
530,Howie,Halgarth,hhalgarthep@prweb.com
531,Brandy,Kenshole,bkensholeeq@xing.com
532,Corella,De Cleen,cdecleener@storify.com
533,Calla,Garratty,cgarrattyes@hubpages.com
534,Avril,Piaggia,apiaggiaet@redcross.org
535,Raynell,Skittles,rskittleseu@china.com.cn
536,Garek,Riddiford,griddifordev@wikia.com
537,Benton,Semrad,bsemradew@360.cn
538,Kaspar,Stockle,kstockleex@homestead.com
539,Ambur,Cannings,acanningsey@tinyurl.com
540,Tammi,Kenwyn,tkenwynez@com.com
541,Vikki,Heinlein,vheinleinf0@cpanel.net
542,Gwendolyn,Ortas,gortasf1@sogou.com
543,Arni,Juggins,ajugginsf2@blogtalkradio.com
544,Agneta,Hiddersley,ahiddersleyf3@dedecms.com
545,Margalo,Di Matteo,mdimatteof4@google.co.jp
546,Hillel,Tettley,htettleyf5@slashdot.org
547,Philippa,Matashkin,pmatashkinf6@i2i.jp
548,Horatia,Gutowski,hgutowskif7@paginegialle.it
549,Lesly,Kirrage,lkirragef8@yellowbook.com
550,Annnora,Krale,akralef9@4shared.com
551,Kerry,Chaudron,kchaudronfa@answers.com
552,Rosie,Fiorentino,rfiorentinofb@blinklist.com
553,Adoree,Beckinsall,abeckinsallfc@mapquest.com
554,Monika,Gutans,mgutansfd@cdbaby.com
555,Vikki,Braisted,vbraistedfe@bigcartel.com
556,Rochester,Giblin,rgiblinff@businessweek.com
557,Owen,Caen,ocaenfg@altervista.org
558,Jacobo,Glabach,jglabachfh@microsoft.com
559,Adan,Ryrie,aryriefi@house.gov
560,Nealy,Hartin,nhartinfj@bigcartel.com
561,Elfrieda,Roddick,eroddickfk@opera.com
562,Marlo,Reolfo,mreolfofl@stanford.edu
563,Cassandre,Perrett,cperrettfm@dmoz.org
564,Ingaborg,Robecon,irobeconfn@histats.com
565,Timmie,But,tbutfo@mlb.com
566,Eirena,Dosdell,edosdellfp@europa.eu
567,Wilmette,Antonetti,wantonettifq@intel.com
568,Eolanda,Kitt,ekittfr@ifeng.com
569,Durant,Pratley,dpratleyfs@bbb.org
570,Cathe,Spering,csperingft@icio.us
571,Fair,Sonnenschein,fsonnenscheinfu@unesco.org
572,Pearl,Lisciandro,plisciandrofv@berkeley.edu
573,Adriane,Morales,amoralesfw@bravesites.com
574,Alexandros,Robinson,arobinsonfx@psu.edu
575,Maddy,Ruprechter,mruprechterfy@theguardian.com
576,Heida,Bloomer,hbloomerfz@go.com
577,Delmer,Grinsdale,dgrinsdaleg0@cnn.com
578,Delilah,Battams,dbattamsg1@wikia.com
579,Vernen,Willshaw,vwillshawg2@comsenz.com
580,Leonerd,Fomichkin,lfomichking3@tinypic.com
581,Clemmie,Bartolozzi,cbartolozzig4@guardian.co.uk
582,Lotte,Entres,lentresg5@bbb.org
583,Odella,Francello,ofrancellog6@admin.ch
584,Kylynn,Crispin,kcrisping7@wordpress.com
585,Winnah,Adnett,wadnettg8@cbsnews.com
586,Carilyn,Sinyard,csinyardg9@ehow.com
587,Phaedra,Claye,pclayega@census.gov
588,Kacie,Gilsthorpe,kgilsthorpegb@cnet.com
589,Clemmie,Whiskin,cwhiskingc@nbcnews.com
590,Ashlee,Ternent,aternentgd@comsenz.com
591,Cammi,Espinola,cespinolage@yahoo.com
592,Kristin,Summers,ksummersgf@miitbeian.gov.cn
593,Johnny,Rackham,jrackhamgg@360.cn
594,Jamison,Leverette,jleverettegh@intel.com
595,Clarine,Olivo,colivogi@blogspot.com
596,Nichole,Goulborne,ngoulbornegj@chicagotribune.com
597,Jedidiah,Howling,jhowlinggk@cnbc.com
598,Antons,Friedenbach,afriedenbachgl@harvard.edu
599,Pietro,Moatt,pmoattgm@japanpost.jp
600,Netti,Gouck,ngouckgn@plala.or.jp
601,Ilise,Swayton,iswaytongo@privacy.gov.au
602,Merline,Fisby,mfisbygp@census.gov
603,Eleanore,Dodds,edoddsgq@theatlantic.com
604,Jackie,Branthwaite,jbranthwaitegr@nature.com
605,Laurella,Edworthy,ledworthygs@topsy.com
606,Farrand,Francesconi,ffrancesconigt@dion.ne.jp
607,Nataline,Miliffe,nmiliffegu@examiner.com
608,Chadd,Lawranson,clawransongv@shutterfly.com
609,Lavina,Gooke,lgookegw@multiply.com
610,Elbert,Bratt,ebrattgx@nymag.com
611,Haily,Weben,hwebengy@facebook.com
612,Penni,Ilson,pilsongz@youku.com
613,Shirley,Konertz,skonertzh0@state.gov
614,Maryjo,Hugnet,mhugneth1@dmoz.org
615,Winston,Lunck,wlunckh2@businesswire.com
616,Virginia,Abazi,vabazih3@ucsd.edu
617,Thadeus,Atterley,tatterleyh4@nih.gov
618,Sascha,Hazell,shazellh5@abc.net.au
619,Gorden,Hoyland,ghoylandh6@aol.com
620,Fulton,Anan,fananh7@auda.org.au
621,Hill,Gwinnell,hgwinnellh8@archive.org
622,Ronnie,Neicho,rneichoh9@blinklist.com
623,Red,MacKessock,rmackessockha@noaa.gov
624,Camella,Wildman,cwildmanhb@livejournal.com
625,Jakie,Conningham,jconninghamhc@scientificamerican.com
626,Storm,Lawrance,slawrancehd@paypal.com
627,Isabel,Fowkes,ifowkeshe@army.mil
628,Lauretta,Neagle,lneaglehf@purevolume.com
629,Josey,Bachelor,jbachelorhg@intel.com
630,Eleen,Tapner,etapnerhh@issuu.com
631,Gabey,Kaasman,gkaasmanhi@istockphoto.com
632,Bear,Goldspink,bgoldspinkhj@salon.com
633,Rahal,Voss,rvosshk@topsy.com
634,Everard,Davydychev,edavydychevhl@prweb.com
635,Julie,Frankton,jfranktonhm@hibu.com
636,Lothario,de Lloyd,ldelloydhn@google.com
637,Shay,Furber,sfurberho@purevolume.com
638,Arleen,Keeping,akeepinghp@desdev.cn
639,Jozef,Kenwell,jkenwellhq@google.pl
640,Marco,Bill,mbillhr@freewebs.com
641,Lorenzo,Ducroe,lducroehs@163.com
642,Cordelia,Armour,carmourht@upenn.edu
643,Jilli,Degenhardt,jdegenhardthu@mozilla.com
644,Daniella,Raigatt,draigatthv@redcross.org
645,Rozelle,Tack,rtackhw@weibo.com
646,Hilly,Dumblton,hdumbltonhx@yelp.com
647,Malena,Vallentine,mvallentinehy@wsj.com
648,Onfroi,Bodle,obodlehz@wiley.com
649,Maxine,Daltrey,mdaltreyi0@abc.net.au
650,Clim,Beautyman,cbeautymani1@vinaora.com
651,Barton,Troutbeck,btroutbecki2@flickr.com
652,Selena,Tabb,stabbi3@pinterest.com
653,Susanne,Baxill,sbaxilli4@scribd.com
654,Tad,Weir,tweiri5@paypal.com
655,Dinah,Jozwicki,djozwickii6@salon.com
656,Abbe,Neilly,aneillyi7@indiatimes.com
657,Pierce,Luesley,pluesleyi8@newyorker.com
658,Korella,Bolger,kbolgeri9@diigo.com
659,Winonah,Fairclough,wfaircloughia@zdnet.com
660,Frankie,Pretty,fprettyib@cocolog-nifty.com
661,Nathan,Domenici,ndomeniciic@cyberchimps.com
662,Marquita,Marzelli,mmarzelliid@hugedomains.com
663,Jarrid,Ruddiman,jruddimanie@smugmug.com
664,Ashlie,Redding,areddingif@moonfruit.com
665,Kaitlyn,Fourman,kfourmanig@joomla.org
666,Reta,Welsby,rwelsbyih@businessweek.com
667,Dorrie,Messenbird,dmessenbirdii@wsj.com
668,Conroy,Firpo,cfirpoij@merriam-webster.com
669,Wallie,Summerell,wsummerellik@nasa.gov
670,Zachery,Astill,zastillil@nyu.edu
671,Dorelia,Guilleton,dguilletonim@1688.com
672,Bonny,Wharf,bwharfin@shinystat.com
673,Fidel,Beevens,fbeevensio@tripadvisor.com
674,Bailey,Ianilli,bianilliip@biglobe.ne.jp
675,Dallas,Webley,dwebleyiq@plala.or.jp
676,Faber,Woolvett,fwoolvettir@ihg.com
677,Margareta,Rockwell,mrockwellis@google.com.br
678,Sholom,Sherwin,ssherwinit@springer.com
679,Dee,Sallery,dsalleryiu@sciencedaily.com
680,Malory,Rosenfrucht,mrosenfruchtiv@dyndns.org
681,Creight,Oller,colleriw@bbc.co.uk
682,Tandy,Osment,tosmentix@nature.com
683,Wilhelm,Ellerbeck,wellerbeckiy@china.com.cn
684,Spence,Hadwin,shadwiniz@booking.com
685,Hamid,Tale,htalej0@chronoengine.com
686,Aldon,Playle,aplaylej1@pbs.org
687,Darcie,Aldis,daldisj2@jugem.jp
688,Saloma,Dingate,sdingatej3@blinklist.com
689,Darell,O'Fogerty,dofogertyj4@cocolog-nifty.com
690,Chrissy,Jelly,cjellyj5@prweb.com
691,Ellynn,Rigmand,erigmandj6@nyu.edu
692,Godfry,Brockington,gbrockingtonj7@amazon.de
693,Georgette,Farnell,gfarnellj8@opensource.org
694,Lucy,Laverick,llaverickj9@4shared.com
695,Read,Chritchlow,rchritchlowja@livejournal.com
696,Gaylene,Carlone,gcarlonejb@uiuc.edu
697,Onfroi,Itzkin,oitzkinjc@senate.gov
698,Pennie,Skinn,pskinnjd@zimbio.com
699,Waly,Baillie,wbaillieje@dion.ne.jp
700,Jennica,Bushill,jbushilljf@psu.edu
701,Kylen,Georghiou,kgeorghioujg@themeforest.net
702,Roanna,Doog,rdoogjh@dagondesign.com
703,Maggee,Tedder,mtedderji@nih.gov
704,Laural,Fulloway,lfullowayjj@globo.com
705,Fidelio,Humbee,fhumbeejk@ucoz.ru
706,Quinn,Bengefield,qbengefieldjl@acquirethisname.com
707,Inge,Ottee,iotteejm@sina.com.cn
708,Dinah,Rochewell,drochewelljn@accuweather.com
709,Christean,Doylend,cdoylendjo@theguardian.com
710,Maryann,Muller,mmullerjp@irs.gov
711,Everett,Lilleman,elillemanjq@arstechnica.com
712,Kelsi,Leban,klebanjr@apple.com
713,Axel,Bickerstaffe,abickerstaffejs@tripod.com
714,Carmon,Burgot,cburgotjt@netlog.com
715,Urbain,Gretton,ugrettonju@g.co
716,Bobby,O'Sheils,bosheilsjv@bloglines.com
717,Preston,Stollen,pstollenjw@discovery.com
718,Deeyn,Demschke,ddemschkejx@guardian.co.uk
719,Emmaline,MacMickan,emacmickanjy@sohu.com
720,Emalia,Parrot,eparrotjz@google.com.br
721,Norry,Gaitung,ngaitungk0@disqus.com
722,Glenn,Scarbarrow,gscarbarrowk1@smugmug.com
723,Fernande,Seabourne,fseabournek2@mediafire.com
724,Merla,Petrosian,mpetrosiank3@marketwatch.com
725,Stephie,Rodwell,srodwellk4@youtu.be
726,Marcel,Pahler,mpahlerk5@fastcompany.com
727,Joelie,Boyton,jboytonk6@nationalgeographic.com
728,Kristofer,Crummay,kcrummayk7@github.com
729,Orson,Passey,opasseyk8@vistaprint.com
730,Coop,Spinks,cspinksk9@gov.uk
731,Auguste,Dalyiel,adalyielka@4shared.com
732,Maritsa,Skupinski,mskupinskikb@umn.edu
733,Kerri,Clayhill,kclayhillkc@blogtalkradio.com
734,Evangelia,Mallett,emallettkd@ovh.net
735,Chrissie,Cordie,ccordieke@github.com
736,Gina,Dillistone,gdillistonekf@yandex.ru
737,Wendye,Grocock,wgrocockkg@behance.net
738,Ulrich,Canto,ucantokh@angelfire.com
739,Rene,Larvent,rlarventki@google.com.hk
740,Jasmine,Coursor,jcoursorkj@wunderground.com
741,Sherlocke,Grain,sgrainkk@whitehouse.gov
742,Bartholemy,Canedo,bcanedokl@unicef.org
743,Veda,Limer,vlimerkm@vinaora.com
744,Melitta,Stothart,mstothartkn@mapy.cz
745,Derick,Beveridge,dbeveridgeko@google.cn
746,Iosep,Gouch,igouchkp@slideshare.net
747,Silvie,Antrum,santrumkq@whitehouse.gov
748,Don,Caulkett,dcaulkettkr@t-online.de
749,Wilow,Antonik,wantonikks@oracle.com
750,Annalee,Waddilove,awaddilovekt@homestead.com
751,Carmella,Castanares,ccastanaresku@blogger.com
752,Darelle,Searight,dsearightkv@engadget.com
753,Kakalina,Poulney,kpoulneykw@biglobe.ne.jp
754,Debby,Sampey,dsampeykx@sogou.com
755,Tab,Fitzsimmons,tfitzsimmonsky@tripadvisor.com
756,Colman,Tesoe,ctesoekz@utexas.edu
757,Sadella,Philipsson,sphilipssonl0@plala.or.jp
758,Kaylil,Clemot,kclemotl1@nifty.com
759,Trent,Moatt,tmoattl2@patch.com
760,Nicolette,Kensett,nkensettl3@ow.ly
761,Aggy,Grundey,agrundeyl4@usda.gov
762,Shaylah,Oloshin,soloshinl5@admin.ch
763,Tam,Farre,tfarrel6@cdc.gov
764,Agnola,Trevallion,atrevallionl7@behance.net
765,Randa,Buglar,rbuglarl8@pbs.org
766,Netti,Wormald,nwormaldl9@com.com
767,Zia,Van der Daal,zvanderdaalla@usgs.gov
768,Arman,Redmayne,aredmaynelb@histats.com
769,Ciro,Delahunty,cdelahuntylc@de.vu
770,Sancho,O'Hickey,sohickeyld@bandcamp.com
771,Berny,Oxbrow,boxbrowle@tumblr.com
772,Athena,O'Docherty,aodochertylf@jigsy.com
773,Suzanna,Oakman,soakmanlg@baidu.com
774,Addie,Van der Kruijs,avanderkruijslh@statcounter.com
775,Devi,Sybbe,dsybbeli@statcounter.com
776,Terrye,Mifflin,tmifflinlj@diigo.com
777,Desmond,Goldney,dgoldneylk@twitpic.com
778,Gill,Hackleton,ghackletonll@icio.us
779,Erina,Rittmeyer,erittmeyerlm@umich.edu
780,Arlena,Witherop,awitheropln@mediafire.com
781,Shamus,Speck,sspecklo@mayoclinic.com
782,Gilbertine,Gaskell,ggaskelllp@furl.net
783,Scarlett,De Cleyne,sdecleynelq@geocities.jp
784,Maxie,Folbig,mfolbiglr@jiathis.com
785,Sibyl,Brinsden,sbrinsdenls@posterous.com
786,Adora,Tidder,atidderlt@tumblr.com
787,Virgie,Royden,vroydenlu@w3.org
788,Robbie,Playfoot,rplayfootlv@shinystat.com
789,Aksel,Skupinski,askupinskilw@squarespace.com
790,Vic,Dudman,vdudmanlx@devhub.com
791,Samson,Feasey,sfeaseyly@so-net.ne.jp
792,Reade,Scottesmoor,rscottesmoorlz@slate.com
793,Waldo,Pattullo,wpattullom0@topsy.com
794,Wright,Lishman,wlishmanm1@cyberchimps.com
795,Ethelin,Fretson,efretsonm2@nasa.gov
796,Nikos,McNamara,nmcnamaram3@mapquest.com
797,Kip,Freckingham,kfreckinghamm4@angelfire.com
798,Orazio,Baybutt,obaybuttm5@quantcast.com
799,Nicolai,Smerdon,nsmerdonm6@dailymail.co.uk
800,Christy,Molson,cmolsonm7@cloudflare.com
801,Electra,Wattinham,ewattinhamm8@imdb.com
802,Gunilla,Carhart,gcarhartm9@sina.com.cn
803,Sherm,De Mattei,sdematteima@elpais.com
804,Alene,Woltering,awolteringmb@skyrock.com
805,Dyana,Fussen,dfussenmc@icq.com
806,Amalea,Aucoate,aaucoatemd@reference.com
807,Magdalena,Ishaki,mishakime@wordpress.org
808,Annabelle,Wittering,awitteringmf@state.gov
809,Ravid,Darthe,rdarthemg@wufoo.com
810,Geri,Wimbush,gwimbushmh@pbs.org
811,Johnathan,Trippack,jtrippackmi@hubpages.com
812,Leland,Kennedy,lkennedymj@cpanel.net
813,Jeffry,Parlour,jparlourmk@wordpress.com
814,Eben,Marjot,emarjotml@theglobeandmail.com
815,Adeline,Tetley,atetleymm@msu.edu
816,Wendi,Colston,wcolstonmn@icio.us
817,Letitia,Asch,laschmo@360.cn
818,Geneva,Castane,gcastanemp@storify.com
819,Julius,Jellis,jjellismq@blog.com
820,Randie,Slessar,rslessarmr@jugem.jp
821,Kincaid,Summerley,ksummerleyms@woothemes.com
822,Josepha,Helleckas,jhelleckasmt@wikimedia.org
823,Evonne,Collisson,ecollissonmu@pagesperso-orange.fr
824,Kippie,Feake,kfeakemv@va.gov
825,Marie-ann,Bickerdicke,mbickerdickemw@wikimedia.org
826,Raf,Jelfs,rjelfsmx@fema.gov
827,Michele,Thomas,mthomasmy@nifty.com
828,Othilia,McCraw,omccrawmz@wired.com
829,Gabey,Denerley,gdenerleyn0@hexun.com
830,Jocelin,Gurry,jgurryn1@vistaprint.com
831,Rollin,Perris,rperrisn2@virginia.edu
832,Randene,Tasseler,rtasselern3@cloudflare.com
833,Josias,Frohock,jfrohockn4@topsy.com
834,Gauthier,Entwhistle,gentwhistlen5@scientificamerican.com
835,Spencer,Fairham,sfairhamn6@dion.ne.jp
836,Audrie,Gladtbach,agladtbachn7@wordpress.com
837,Cammy,Filipowicz,cfilipowiczn8@ycombinator.com
838,Charisse,Denisevich,cdenisevichn9@so-net.ne.jp
839,Torre,Seville,tsevillena@prlog.org
840,Demetria,Rutter,drutternb@usatoday.com
841,Natka,Gladman,ngladmannc@constantcontact.com
842,Leeland,Dubois,lduboisnd@marketwatch.com
843,Mylo,Tellett,mtellettne@hhs.gov
844,Benoite,Swateridge,bswateridgenf@house.gov
845,Bertine,Shearme,bshearmeng@unblog.fr
846,Ernesta,Curwen,ecurwennh@fotki.com
847,Zara,Cheak,zcheakni@w3.org
848,Hope,Panas,hpanasnj@pen.io
849,Abbi,Danielsky,adanielskynk@va.gov
850,Dollie,Jackalin,djackalinnl@acquirethisname.com
851,Miles,Yeeles,myeelesnm@prnewswire.com
852,Wilmette,Chatelot,wchatelotnn@answers.com
853,Sonja,Moubray,smoubrayno@gravatar.com
854,Auria,Millen,amillennp@yolasite.com
855,Valerie,Barby,vbarbynq@webmd.com
856,Kristyn,Edsell,kedsellnr@shareasale.com
857,Jewel,Fellnee,jfellneens@businessweek.com
858,Dalt,Cornell,dcornellnt@comcast.net
859,Susi,Mollatt,smollattnu@rediff.com
860,Petra,Riepel,priepelnv@epa.gov
861,Katusha,Faulkener,kfaulkenernw@mysql.com
862,Trista,Blazi,tblazinx@yellowpages.com
863,Loren,Josifovitz,ljosifovitzny@mapy.cz
864,Nissie,Hewins,nhewinsnz@examiner.com
865,Laverne,Gregs,lgregso0@netlog.com
866,Worthington,Itzak,witzako1@boston.com
867,Darill,Dendon,ddendono2@elegantthemes.com
868,Teresina,Alejandro,talejandroo3@youtube.com
869,Barrett,Vegas,bvegaso4@umn.edu
870,Jacqueline,Jehaes,jjehaeso5@msn.com
871,Rhetta,Eliez,reliezo6@un.org
872,Cherish,Gerritsma,cgerritsmao7@jigsy.com
873,Lorne,Doig,ldoigo8@angelfire.com
874,Jillana,Simon,jsimono9@ed.gov
875,Trude,Fearey,tfeareyoa@illinois.edu
876,Traci,Mawtus,tmawtusob@tripod.com
877,Uriel,Carr,ucarroc@dedecms.com
878,Klarika,Janusz,kjanuszod@salon.com
879,Adella,Strong,astrongoe@wikimedia.org
880,Philomena,Krammer,pkrammerof@wsj.com
881,Anni,Simon,asimonog@blogspot.com
882,Magdalena,Arends,marendsoh@ftc.gov
883,Essa,Garfath,egarfathoi@kickstarter.com
884,Sandie,Coath,scoathoj@shutterfly.com
885,Marcela,Stut,mstutok@mozilla.com
886,Homere,Lett,hlettol@twitter.com
887,Gayleen,Franzolini,gfranzoliniom@wikispaces.com
888,Nesta,Linster,nlinsteron@xinhuanet.com
889,Helyn,Klimkin,hklimkinoo@tinyurl.com
890,Tobias,Bauldry,tbauldryop@github.io
891,Wyatt,Farlane,wfarlaneoq@cpanel.net
892,Carlyle,Duckitt,cduckittor@freewebs.com
893,Brant,Wiltshaw,bwiltshawos@bbc.co.uk
894,Ferdy,Blenkhorn,fblenkhornot@soundcloud.com
895,Hartwell,Eirwin,heirwinou@123-reg.co.uk
896,Jonell,Paradin,jparadinov@java.com
897,Zulema,Stairs,zstairsow@angelfire.com
898,Marlon,Covolini,mcovoliniox@godaddy.com
899,Rodrick,Tows,rtowsoy@fastcompany.com
900,Louella,O'Daly,lodalyoz@soundcloud.com
901,Sam,Gladyer,sgladyerp0@state.gov
902,Waneta,Karus,wkarusp1@arstechnica.com
903,Oren,Evemy,oevemyp2@123-reg.co.uk
904,Parsifal,Stanyon,pstanyonp3@fda.gov
905,Erhard,Roxburgh,eroxburghp4@npr.org
906,Morly,Lamblin,mlamblinp5@hao123.com
907,Caryl,Beckers,cbeckersp6@hhs.gov
908,Candace,Lycett,clycettp7@meetup.com
909,Thaddeus,Beslier,tbeslierp8@sina.com.cn
910,Bryon,Rampley,brampleyp9@flavors.me
911,Gena,Anders,ganderspa@taobao.com
912,Aurilia,Shorte,ashortepb@theguardian.com
913,Avis,Levicount,alevicountpc@shareasale.com
914,Eduino,Keeling,ekeelingpd@wikipedia.org
915,Carlotta,Doddrell,cdoddrellpe@theglobeandmail.com
916,Audry,Robecon,arobeconpf@tuttocitta.it
917,Kara,Dudin,kdudinpg@scientificamerican.com
918,Charmion,Heppner,cheppnerph@altervista.org
919,Chelsy,Scholard,cscholardpi@1und1.de
920,Redd,Goublier,rgoublierpj@freewebs.com
921,Reade,Whetton,rwhettonpk@smugmug.com
922,Dorothy,Tumility,dtumilitypl@google.pl
923,Zacherie,Bodega,zbodegapm@godaddy.com
924,Sisely,Edelmann,sedelmannpn@ox.ac.uk
925,Meaghan,Garfield,mgarfieldpo@europa.eu
926,Arly,McGrirl,amcgrirlpp@shutterfly.com
927,Theressa,Gillbanks,tgillbankspq@youtu.be
928,Rory,Ravenhills,rravenhillspr@cdc.gov
929,Michelle,Broadberry,mbroadberryps@nasa.gov
930,Klemens,Tym,ktympt@tinypic.com
931,Lammond,Enevold,lenevoldpu@umich.edu
932,Beatriz,Cregeen,bcregeenpv@altervista.org
933,Mirabel,Boutwell,mboutwellpw@intel.com
934,Lonny,Renackowna,lrenackownapx@irs.gov
935,Novelia,Dalbey,ndalbeypy@gmpg.org
936,Katee,Allmen,kallmenpz@eventbrite.com
937,Alfie,Sexti,asextiq0@qq.com
938,Delia,Matoshin,dmatoshinq1@comsenz.com
939,Consolata,Cavey,ccaveyq2@seattletimes.com
940,Westleigh,Kaemena,wkaemenaq3@mozilla.com
941,Essy,Zorzenoni,ezorzenoniq4@histats.com
942,Doralyn,Metherell,dmetherellq5@wisc.edu
943,Celinka,Meneghi,cmeneghiq6@msu.edu
944,Rodolphe,Petras,rpetrasq7@fema.gov
945,Loella,Santos,lsantosq8@theatlantic.com
946,Cherianne,Imms,cimmsq9@123-reg.co.uk
947,Lorianna,Hinsche,lhinscheqa@businesswire.com
948,Cecily,Stork,cstorkqb@geocities.jp
949,Curt,Pounsett,cpounsettqc@telegraph.co.uk
950,Genna,Poppy,gpoppyqd@bandcamp.com
951,Ines,Espinet,iespinetqe@wiley.com
952,Boote,Tunuy,btunuyqf@dailymotion.com
953,Marga,Hurton,mhurtonqg@networkadvertising.org
954,Seana,Elis,selisqh@qq.com
955,Armand,Klaggeman,aklaggemanqi@seattletimes.com
956,Mariam,Bizley,mbizleyqj@nifty.com
957,Arne,Morch,amorchqk@google.nl
958,Clea,McGuigan,cmcguiganql@yahoo.co.jp
959,Eachelle,Ruffler,erufflerqm@miitbeian.gov.cn
960,Ellen,Vinsen,evinsenqn@hhs.gov
961,Aurelia,Mathers,amathersqo@domainmarket.com
962,Kiley,Snawden,ksnawdenqp@cdbaby.com
963,Giovanni,Wormell,gwormellqq@hostgator.com
964,Gabriellia,Skiplorne,gskiplorneqr@gnu.org
965,Diannne,Kob,dkobqs@nba.com
966,Chance,Stegell,cstegellqt@bbc.co.uk
967,Vasilis,Escale,vescalequ@deviantart.com
968,Patty,Rudham,prudhamqv@cbsnews.com
969,Jaquenetta,Labbey,jlabbeyqw@list-manage.com
970,Corty,Rapps,crappsqx@disqus.com
971,Tracey,Braunlein,tbraunleinqy@dagondesign.com
972,Carly,Heephy,cheephyqz@netscape.com
973,Eugen,Dowsett,edowsettr0@amazon.co.jp
974,Carlynn,Chimenti,cchimentir1@ted.com
975,Lara,Melloy,lmelloyr2@sbwire.com
976,Kynthia,Sloan,ksloanr3@behance.net
977,Colet,Gozney,cgozneyr4@phpbb.com
978,Harald,Constant,hconstantr5@instagram.com
979,Bald,Sandham,bsandhamr6@archive.org
980,George,Lay,glayr7@amazon.com
981,Vincenz,Congdon,vcongdonr8@cnbc.com
982,Dallon,Tiesman,dtiesmanr9@baidu.com
983,Valentino,Boteman,vbotemanra@wikispaces.com
984,Ellette,Carthew,ecarthewrb@dion.ne.jp
985,Clementia,Yuille,cyuillerc@nymag.com
986,Ruth,McVrone,rmcvronerd@mashable.com
987,West,Niess,wniessre@nhs.uk
988,Diandra,Temperton,dtempertonrf@xinhuanet.com
989,Jake,Tackell,jtackellrg@nbcnews.com
990,Giulio,Verdun,gverdunrh@nsw.gov.au
991,Barn,Ibert,bibertri@springer.com
992,Chalmers,Egell,cegellrj@tiny.cc
993,Sandy,Leishman,sleishmanrk@reddit.com
994,Burg,Sizeland,bsizelandrl@aol.com
995,Donovan,Loveard,dloveardrm@yahoo.com
996,Tersina,McConnachie,tmcconnachiern@soundcloud.com
997,Camel,Overbury,coverburyro@4shared.com
998,Loretta,Parrot,lparrotrp@google.it
999,Cassandra,Halpeine,chalpeinerq@bizjournals.com
1000,Rosita,Duckinfield,rduckinfieldrr@ebay.co.uk
